title,link,keyword
KASA Smart Fan Control - YouTube,https://www.youtube.com/watch?v=EOI9JL76sbo,smart fan site:youtube.com
Why my new smart fan was worth the hassle - YouTube,https://www.youtube.com/watch?v=itDF8QVUfpg,smart fan site:youtube.com
How to set up Smart Fan 5 - No BIOS needed! Free Fan Control ...,https://www.youtube.com/watch?v=wKVwPrAlo98,smart fan site:youtube.com
Easy! How to Configure Gigabyte Smart Fan 5 - Low Fan Noise ...,https://www.youtube.com/watch?v=LSYJ-b6UF1w,smart fan site:youtube.com
Battle of the Smart Trainer Fans: Wahoo Headwind vs Elite Aria ...,https://www.youtube.com/watch?v=tm_B21-7KJA,smart fan site:youtube.com
Turn your DUMB Fan into a SMART Fan with the Lutron Caseta Fan ...,https://www.youtube.com/watch?v=Y1OrK1rAGFQ,smart fan site:youtube.com
Make Your Ceiling Fans Smart: The Ultimate Guide! - YouTube,https://www.youtube.com/watch?v=PG05pZ6S8w0&pp=0gcJCf8Ao7VqN5tD,smart fan site:youtube.com
I Fixed My Home's Most Annoying Everyday Problems with Smart ...,https://www.youtube.com/watch?v=13FyjJUBLwA,smart fan site:youtube.com
Our fan-favourite serum just got better | Discover NEW Smart Clinical ...,https://m.youtube.com/watch?v=trEJEyTxIAY,smart fan site:youtube.com
HUNTER FAN FOR YOUR SMART HOME! Add into Scenes ...,https://www.youtube.com/watch?v=BWTPg5GqxsA,smart fan site:youtube.com
How to Iinstall the 52 in. Zandra Smart Ceiling Fan by Hampton Bay ...,https://www.youtube.com/watch?v=T1wWKOwcjj8,smart ceiling fan site:youtube.com
Dreo CLF712S 52” Smart Ceiling Fan | Review - YouTube,https://www.youtube.com/watch?v=per3z_V5GWQ,smart ceiling fan site:youtube.com
Make Your Ceiling Fans Smart: The Ultimate Guide! - YouTube,https://www.youtube.com/watch?v=PG05pZ6S8w0&pp=0gcJCf8Ao7VqN5tD,smart ceiling fan site:youtube.com
Make Your Ceiling Fan Smart With Leviton Smart Fan Switch | Smart ...,https://www.youtube.com/watch?v=TW45ejyRIIc,smart ceiling fan site:youtube.com
Dreo CLF325S 42” Smart Ceiling Fan | Review - YouTube,https://www.youtube.com/watch?v=zIQKPOPSKkw,smart ceiling fan site:youtube.com
Treatlife Smart Ceiling Fan Control - WiFi Switch and Speed Control ...,https://m.youtube.com/watch?v=7OL-_WPexS4,smart ceiling fan site:youtube.com
KASA Smart Fan Control - YouTube,https://www.youtube.com/watch?v=EOI9JL76sbo,smart ceiling fan site:youtube.com
How to Install the Driskol Smart Ceiling Fan by Home Decorators ...,https://www.youtube.com/watch?v=fylIoYP4ayk,smart ceiling fan site:youtube.com
Millennial Approved DREO Ceiling Fan Install | Step By Step | THE ...,https://www.youtube.com/watch?v=o9m_iBQwdOs,smart ceiling fan site:youtube.com
KASA Smart Fan Control - YouTube,https://www.youtube.com/watch?v=EOI9JL76sbo,smart ceiling fan site:youtube.com
Best BLDC Smart Fan to Buy in India 2025 | Atomberg Aris Contour ...,https://www.youtube.com/watch?v=tlVWVyVP9Lg,smart fan BLDC site:youtube.com
"Crompton SilentPro Blossom BLDC Smart Fan Unboxing, Review ...",https://www.youtube.com/watch?v=y4V3skiDqwY,smart fan BLDC site:youtube.com
Best *Smart BLDC Ceiling Fan* in 2025? ⚡️ Atomberg Aris ...,https://www.youtube.com/watch?v=5nZGzQNZcHk,smart fan BLDC site:youtube.com
Atomberg Aris Contour Smart Fan Review The BEST Smart BLDC ...,https://www.youtube.com/watch?v=9BDr-ZWUj8o,smart fan BLDC site:youtube.com
The All New BLDC Atomberg Smart Studio Plus Fan with Alexa ...,https://www.youtube.com/watch?v=0Zgovj4RXsQ,smart fan BLDC site:youtube.com
"How to Install BLDC smart fan | DIY fitting, Regulator bypass, Golden ...",https://www.youtube.com/watch?v=QydhTG8WWL0,smart fan BLDC site:youtube.com
Smart BLDC Fan | V-Guard Insight G Ceiling Fan: Perfect Combo of ...,https://www.youtube.com/watch?v=OKHLVkY_bZY,smart fan BLDC site:youtube.com
Atomberg Smart Fan Remote Control Review | How To Set Timer + ...,https://www.youtube.com/watch?v=NXenhXhCsKE,smart fan BLDC site:youtube.com
Best Smart Device I ever Unboxed || Premium Silent Smart Fan ...,https://www.youtube.com/watch?v=DWgBuMW0uns,smart fan BLDC site:youtube.com
"How to Install BLDC smart fan | DIY fitting, Regulator bypass, Golden ...",https://www.youtube.com/watch?v=QydhTG8WWL0,smart fan BLDC site:youtube.com
